X1,X2,X3,X4,X5,X6,X7,X8,X9,X10,X11,X12,X13,X14,X15,X16,X17
republican,0,1,0,1,1,1,0,0,0,1,1,1,1,1,0,1
republican,0,1,0,1,1,1,0,0,0,0,0,1,1,1,0,1
republican,0,1,0,1,1,1,0,0,0,0,0,0,1,1,1,1
republican,0,1,0,1,1,1,0,0,0,0,0,1,1,1,0,1
republican,0,1,0,1,1,0,0,0,0,0,1,1,1,1,0,0
republican,0,1,0,1,1,1,0,0,0,0,1,1,1,1,1,1
republican,0,1,0,1,1,1,0,0,0,0,0,1,1,1,0,1
republican,0,1,0,1,1,1,0,0,0,1,0,1,1,1,0,1
republican,0,1,0,1,1,1,0,0,0,0,0,1,1,1,0,0
republican,1,0,0,1,1,0,1,1,1,0,0,1,1,1,0,1
republican,0,1,0,1,1,1,0,0,0,0,0,1,1,1,0,0
republican,0,1,0,1,1,1,0,0,0,0,0,1,1,1,0,1
republican,0,1,0,1,1,1,0,0,0,0,0,1,1,1,0,0
republican,1,1,0,1,1,1,0,0,0,1,0,1,1,1,0,1
republican,1,1,0,1,1,1,0,0,0,0,0,0,1,1,0,1
republican,0,1,0,1,1,1,0,0,0,1,0,1,1,1,0,0
republican,0,1,0,1,1,1,0,0,0,0,0,1,1,1,0,0
republican,0,1,0,1,1,1,0,1,0,0,0,1,1,1,0,1
republican,1,1,0,1,1,1,0,0,0,1,0,1,1,1,0,0
republican,0,1,0,1,1,1,0,0,0,1,1,1,1,1,0,0
republican,0,1,0,1,1,1,0,0,0,1,1,1,1,1,0,1
republican,0,1,0,1,1,1,0,0,0,1,0,1,1,1,0,1
republican,0,1,0,1,1,1,0,0,0,1,0,1,1,1,0,1
republican,0,1,0,1,1,1,0,0,0,1,0,1,1,1,0,1
republican,0,1,0,1,1,1,0,0,0,0,0,1,1,1,0,0
republican,1,1,0,1,1,1,1,0,0,0,0,1,1,1,0,1
republican,0,1,0,1,1,1,1,0,0,0,1,1,1,1,0,1
republican,0,1,0,1,1,1,0,0,0,1,0,1,1,1,0,0
republican,1,1,1,1,0,0,1,1,1,1,1,0,0,1,0,1
republican,1,0,1,1,1,0,1,0,1,1,0,0,1,1,0,1
republican,0,0,0,1,1,0,0,0,0,1,0,1,1,1,0,0
republican,0,0,0,1,1,1,0,0,0,1,0,1,1,1,0,1
republican,0,0,0,1,1,1,0,0,0,0,0,1,1,1,0,0
republican,0,1,0,1,1,1,0,0,0,1,0,1,1,1,0,0
republican,0,0,0,1,1,1,0,0,0,1,0,1,1,1,0,0
republican,0,0,0,1,1,1,0,0,0,0,0,1,1,1,0,0
republican,0,0,0,1,1,1,0,0,0,1,0,1,1,1,0,1
republican,0,0,0,1,1,1,0,0,0,1,1,1,1,1,0,0
republican,0,1,0,1,1,1,0,0,0,0,0,1,1,1,0,1
republican,0,1,1,1,1,1,1,1,1,1,1,1,1,1,1,1
republican,0,1,0,1,1,1,0,0,0,1,0,1,1,1,0,1
republican,0,1,0,1,1,1,0,0,0,1,0,1,1,1,0,0
republican,1,1,1,1,1,0,1,0,0,0,0,1,1,1,0,1
republican,0,0,0,1,1,1,0,0,0,0,0,1,1,1,0,0
republican,0,1,1,1,1,1,0,0,0,1,0,1,1,1,1,1
republican,0,1,0,1,1,1,0,0,0,1,0,1,1,1,0,1
republican,0,0,0,1,1,1,0,0,0,1,0,1,0,1,0,1
republican,1,1,0,1,1,1,0,1,0,0,0,1,1,1,0,1
republican,0,1,0,1,1,1,0,0,0,1,0,1,1,1,0,1
republican,0,1,0,1,1,1,0,0,0,0,0,1,1,1,0,0
republican,0,0,0,1,1,1,0,0,0,1,0,1,1,1,0,1
republican,0,0,0,1,1,1,0,0,0,1,0,1,1,1,0,1
republican,0,0,0,1,1,1,0,0,0,0,0,1,1,1,0,1
republican,0,0,0,1,1,1,0,0,0,1,0,1,1,1,0,0
republican,0,1,0,1,1,1,0,0,0,1,1,1,1,0,0,1
republican,0,0,0,1,0,0,1,1,1,1,0,0,1,1,0,1
republican,0,0,0,1,1,1,1,1,1,1,0,1,1,1,1,1
republican,0,0,0,1,1,1,1,1,1,1,0,1,1,1,0,1
republican,0,1,0,1,1,1,0,0,0,0,0,1,1,1,0,1
republican,0,1,0,1,1,1,0,0,0,1,1,1,1,1,0,1
republican,1,1,0,1,1,1,0,0,0,1,0,1,1,1,0,1
republican,0,1,0,1,1,1,0,0,0,0,0,1,1,1,0,0
republican,1,1,0,1,1,1,0,1,0,0,1,1,1,1,0,0
republican,1,1,0,1,1,1,1,0,0,0,0,1,1,1,0,0
republican,0,1,0,1,1,1,0,0,0,1,0,1,1,1,0,0
republican,0,1,0,1,1,1,1,0,0,0,0,1,1,1,0,1
republican,1,0,1,1,1,1,1,1,0,1,0,1,0,1,1,1
republican,1,0,1,1,1,1,1,1,0,1,1,1,0,1,1,1
republican,0,1,0,1,1,1,0,0,0,1,0,1,1,1,0,1
republican,0,0,1,1,0,0,1,1,1,1,0,0,0,1,1,1
republican,1,1,0,1,1,1,1,1,0,0,0,1,1,1,1,1
republican,0,1,0,1,1,1,0,0,0,0,0,1,1,1,0,1
republican,0,1,0,1,1,1,0,1,0,1,0,1,1,1,0,1
republican,0,0,0,1,1,1,0,0,0,0,0,1,1,1,0,1
republican,0,1,1,1,1,1,0,0,0,1,0,0,0,1,0,1
republican,0,0,1,1,1,1,1,0,0,0,0,1,1,1,0,1
republican,0,0,0,1,1,1,0,0,0,1,0,1,0,1,0,1
republican,1,1,0,1,1,1,1,0,0,1,0,1,1,1,0,1
republican,0,1,0,1,1,1,0,0,0,1,0,1,1,1,0,1
republican,1,1,0,1,1,1,0,0,0,1,0,1,1,1,0,1
republican,0,1,0,1,1,1,0,0,0,1,0,1,1,1,0,0
republican,0,0,0,1,1,0,0,0,0,0,0,1,1,1,0,1
republican,0,1,0,1,1,1,0,0,0,1,0,1,1,1,0,0
republican,0,1,0,1,1,1,0,0,0,0,0,1,1,1,0,1
republican,0,1,0,1,1,1,0,0,0,0,0,1,1,1,0,1
republican,0,1,1,1,1,1,1,0,1,1,0,1,1,1,0,1
republican,0,1,0,1,1,1,0,0,0,0,0,1,1,1,0,1
republican,0,1,0,1,1,1,0,0,1,1,0,1,1,1,0,1
republican,0,1,0,1,1,1,0,0,0,1,0,1,1,1,0,1
republican,0,0,0,1,1,1,0,0,0,1,0,1,0,1,0,1
republican,0,0,0,1,1,1,1,0,0,1,0,0,0,1,1,1
republican,0,0,0,1,0,1,1,1,1,0,0,1,1,1,0,1
republican,0,0,0,0,1,1,1,0,0,0,0,1,0,1,1,1
republican,0,1,0,1,1,1,1,0,0,0,0,1,1,1,0,0
republican,1,1,1,1,1,1,1,1,1,1,1,1,1,1,1,1
republican,0,1,0,1,1,1,0,0,0,0,0,1,1,1,0,0
republican,0,1,0,1,1,1,0,0,0,0,0,1,1,1,0,0
republican,0,1,0,1,1,1,0,0,0,0,0,1,1,1,0,1
republican,0,0,0,1,1,0,0,0,0,0,0,1,0,1,0,0
republican,0,0,0,1,1,0,0,0,0,0,0,1,0,1,1,1
republican,0,0,0,1,1,1,0,0,0,1,0,1,0,1,0,1
republican,1,0,0,0,0,0,1,1,1,1,0,0,0,1,0,1
republican,0,0,0,1,1,0,1,1,0,1,0,1,1,1,1,1
republican,1,0,0,1,1,0,1,0,0,1,0,0,0,1,1,1
republican,0,0,0,1,1,1,0,0,0,0,0,1,1,1,1,0
republican,0,0,1,1,1,1,1,1,0,1,0,0,0,1,0,1
republican,0,0,0,1,1,1,0,0,0,0,0,1,1,1,0,1
republican,0,0,0,1,1,1,0,0,0,1,0,1,1,1,0,0
republican,1,0,1,1,1,1,1,1,0,0,0,0,0,1,0,1
republican,1,0,0,1,1,1,0,0,0,1,0,1,1,1,0,0
republican,0,0,0,1,1,1,0,0,0,0,0,1,1,1,0,1
republican,0,1,0,1,1,1,1,1,0,1,0,1,1,1,1,1
republican,0,0,1,1,1,1,0,0,0,1,0,1,1,1,1,1
republican,0,0,0,1,1,0,1,1,1,1,0,1,1,1,0,1
republican,0,0,0,1,1,1,1,0,0,1,0,1,1,1,0,1
republican,0,0,0,1,1,1,0,0,0,0,0,1,1,1,0,0
republican,0,1,0,1,1,1,0,0,0,1,0,1,1,1,0,1
republican,0,0,0,1,1,1,0,0,0,1,0,1,1,1,0,0
republican,0,0,0,1,1,1,0,0,0,0,0,1,1,1,0,0
republican,0,0,0,1,1,1,0,0,0,1,0,1,1,1,0,0
republican,0,0,0,1,1,1,0,0,0,1,0,1,1,1,1,0
republican,0,1,1,1,1,1,0,0,0,1,0,1,1,1,0,1
republican,0,1,0,1,1,1,1,1,0,0,1,1,1,1,1,1
republican,0,1,1,1,1,1,1,1,0,0,0,0,1,1,1,1
republican,0,1,0,1,1,1,0,0,0,0,1,1,1,1,0,0
republican,0,1,0,1,1,1,0,0,0,0,0,1,1,1,0,1
republican,0,1,0,1,1,1,0,0,0,1,0,1,1,1,0,0
republican,0,0,0,1,1,1,0,0,0,1,1,1,1,1,0,1
republican,1,0,0,1,1,1,0,0,0,0,1,1,1,1,0,0
republican,0,0,0,1,1,1,0,0,0,1,1,1,0,1,0,1
republican,0,0,0,1,1,0,1,0,1,1,0,0,0,1,0,1
republican,0,0,0,1,1,1,1,0,0,1,0,1,0,1,1,1
republican,0,0,0,1,1,1,0,0,0,1,0,1,1,1,0,1
republican,1,0,0,1,1,1,0,0,0,1,0,1,1,1,0,0
republican,0,1,1,1,1,1,1,1,1,0,0,1,1,1,0,1
republican,0,0,1,1,1,1,1,1,1,1,0,1,1,1,1,1
republican,0,0,1,1,1,1,1,0,0,1,1,1,1,1,0,1
republican,1,0,1,1,0,0,0,1,1,1,0,0,0,1,1,1
republican,0,0,0,1,1,1,0,0,0,0,0,1,1,1,0,0
republican,0,0,0,1,1,1,0,0,0,0,0,1,1,1,0,0
republican,0,0,0,1,1,1,0,0,0,1,1,1,1,1,0,1
republican,1,1,0,1,1,1,0,0,0,1,1,0,1,0,0,0
republican,1,1,0,1,1,1,0,0,0,0,1,0,1,1,0,1
republican,0,1,0,1,1,1,0,0,0,0,0,0,1,1,0,1
republican,0,1,0,1,1,1,0,0,0,0,0,1,1,1,0,1
republican,0,1,0,1,1,1,1,1,0,0,1,1,1,1,1,1
republican,0,0,0,1,1,1,0,0,0,0,0,1,1,1,0,1
republican,0,0,0,1,1,1,0,0,0,0,0,1,1,1,0,1
republican,1,1,0,1,1,1,0,0,0,0,1,1,1,1,0,1
republican,1,1,1,1,0,1,0,1,1,0,0,1,1,0,0,1
republican,0,1,0,1,1,1,0,0,0,1,0,1,1,1,0,0
republican,0,1,0,1,1,1,0,1,0,0,1,1,1,1,0,1
republican,0,1,0,1,1,1,0,0,0,1,1,1,1,1,0,0
republican,1,0,1,1,0,1,1,1,1,1,0,1,0,1,0,1
republican,0,1,0,1,1,1,0,0,0,1,0,1,1,1,0,0
republican,1,1,0,1,1,1,0,0,0,1,0,1,1,1,0,1
republican,0,0,0,1,1,1,0,0,0,0,0,1,1,1,0,1
republican,0,0,0,1,1,1,0,0,0,0,0,1,1,1,0,0
republican,0,0,0,1,1,1,0,0,0,0,1,1,1,1,0,1
republican,0,0,0,1,1,1,0,0,0,1,0,1,1,1,0,1
republican,1,1,1,1,1,1,1,1,0,1,1,1,1,1,0,1
republican,1,1,0,1,1,1,0,0,0,1,0,0,1,1,0,1
republican,1,1,1,1,1,1,1,1,0,1,0,0,1,1,0,1
republican,0,0,0,1,1,1,1,1,0,1,0,1,1,1,0,1
republican,0,0,1,1,1,1,0,0,1,1,0,1,1,1,0,1
republican,0,1,0,1,1,1,0,0,0,0,1,1,1,1,0,1
republican,0,0,0,1,1,1,1,1,1,1,0,1,1,1,0,1
republican,0,1,0,1,1,1,0,0,0,1,0,1,1,1,1,0
democrat,1,1,1,1,1,1,0,0,0,0,1,0,1,1,0,0
democrat,0,1,1,0,1,1,0,0,0,0,1,0,1,0,0,1
democrat,1,1,1,0,1,1,0,0,0,0,1,1,1,1,1,1
democrat,0,1,1,0,1,1,0,0,0,0,0,0,1,1,1,1
democrat,0,1,0,1,1,1,0,0,0,0,0,0,1,1,1,1
democrat,1,1,1,0,0,0,1,1,1,0,0,0,0,0,1,1
democrat,0,1,1,0,0,0,1,1,1,0,0,0,1,0,1,1
democrat,1,1,1,0,0,1,1,1,1,1,1,1,0,0,1,1
democrat,1,0,1,0,0,1,0,1,1,1,1,1,1,0,0,1
democrat,1,1,1,0,0,0,1,1,1,0,0,0,1,0,1,1
democrat,1,1,1,0,0,0,1,1,1,0,1,0,0,0,1,1
democrat,1,1,1,0,0,1,1,1,0,0,1,0,0,0,1,1
democrat,1,1,1,0,0,0,1,1,1,0,0,0,1,1,1,1
democrat,1,1,1,0,0,0,1,1,1,0,0,1,0,0,1,1
democrat,1,1,1,0,0,0,1,1,1,0,0,0,0,0,1,1
democrat,1,0,1,0,0,0,1,1,1,0,0,0,0,0,1,1
democrat,1,0,1,0,0,0,1,1,1,1,0,0,0,0,1,1
democrat,1,0,1,0,0,0,1,1,1,0,1,0,0,0,1,1
democrat,1,1,1,0,0,0,1,1,1,0,1,0,0,0,1,1
democrat,1,1,1,0,0,0,1,1,1,0,1,0,0,0,1,1
democrat,1,1,1,0,0,0,1,1,1,0,1,0,0,0,1,1
democrat,1,1,1,0,0,0,1,1,1,1,0,0,1,0,1,1
democrat,1,1,1,0,0,0,1,1,1,0,0,0,0,0,1,1
democrat,1,0,1,0,0,0,1,1,1,1,1,0,1,0,1,1
democrat,1,1,1,0,0,0,1,1,1,0,1,0,0,0,0,1
democrat,1,1,1,0,0,0,1,1,1,0,0,0,0,0,1,1
democrat,1,0,1,0,0,0,1,1,1,0,0,0,0,0,0,1
democrat,1,0,1,0,0,0,1,1,1,0,0,0,0,0,1,1
democrat,1,1,1,0,0,0,1,1,1,0,1,0,0,0,0,1
democrat,1,1,1,0,0,0,1,1,1,0,1,0,0,0,1,1
democrat,1,1,1,0,0,0,1,1,1,0,0,0,0,0,0,1
democrat,1,0,1,0,0,0,1,1,1,0,0,0,0,0,0,1
democrat,1,1,1,0,0,0,1,1,0,0,0,0,0,1,0,1
democrat,1,1,1,0,0,0,1,1,1,0,1,0,0,0,1,1
democrat,1,1,1,0,0,0,1,1,1,0,0,0,0,0,1,1
democrat,1,1,1,0,0,1,1,1,0,0,1,1,0,1,0,1
democrat,1,1,1,0,0,1,1,1,1,1,0,0,0,0,1,1
democrat,1,1,1,0,0,0,1,1,1,0,0,0,0,0,0,1
democrat,1,1,1,0,0,0,1,1,1,0,1,0,0,0,0,1
democrat,1,1,1,0,0,0,1,1,1,0,1,1,0,0,0,1
democrat,1,1,1,0,0,0,1,1,1,0,0,0,1,0,1,1
democrat,1,1,1,0,0,0,1,1,1,0,0,0,0,0,1,1
democrat,1,0,1,0,0,0,1,1,1,0,0,0,1,0,1,1
democrat,1,1,1,0,0,0,1,1,1,0,1,0,0,0,1,1
democrat,1,0,1,0,0,1,1,1,1,1,1,0,0,1,1,1
democrat,0,1,1,1,1,1,0,0,0,1,1,0,1,1,0,0
democrat,0,1,1,0,1,1,0,0,0,1,1,1,1,1,0,1
democrat,0,1,1,1,1,1,0,1,1,1,1,1,1,1,0,1
democrat,1,1,1,0,1,1,0,0,0,1,1,0,1,1,0,1
democrat,1,0,1,0,0,1,1,1,1,1,0,1,0,1,0,1
democrat,1,0,1,0,0,0,1,1,1,1,1,1,0,1,0,1
democrat,0,0,1,0,1,1,0,0,0,1,1,1,1,1,0,1
democrat,0,1,1,0,1,1,1,0,1,1,1,0,1,1,0,1
democrat,1,0,1,0,0,0,1,1,1,1,0,0,0,0,1,1
democrat,1,0,1,0,0,0,1,1,1,1,1,0,0,0,1,1
democrat,1,1,1,0,0,0,1,1,0,1,1,0,0,1,1,1
democrat,1,0,1,0,0,0,1,0,1,1,1,0,0,0,1,1
democrat,1,0,1,0,1,1,0,0,0,0,0,0,0,0,0,1
democrat,1,0,1,0,1,1,0,1,1,0,1,1,1,1,1,1
democrat,0,0,1,0,1,1,0,0,0,0,1,1,1,1,0,1
democrat,1,0,0,0,1,1,1,0,0,1,1,0,0,1,0,1
democrat,1,1,1,0,0,1,1,1,1,1,0,0,0,0,0,1
democrat,1,0,0,0,1,1,0,0,0,0,1,1,0,1,0,1
democrat,1,0,1,0,1,1,1,0,0,0,1,0,0,1,0,1
democrat,1,0,1,0,1,1,1,0,1,0,1,0,1,1,1,1
democrat,1,0,0,0,1,1,1,0,1,0,0,0,0,1,1,0
democrat,1,1,1,1,0,1,1,1,1,1,1,0,1,1,0,1
democrat,1,1,1,0,0,0,0,1,1,0,1,0,0,0,1,1
democrat,1,1,1,0,0,0,1,1,1,0,0,0,0,0,1,1
democrat,1,1,1,0,0,0,1,1,1,0,0,0,0,0,1,1
democrat,0,0,1,0,0,0,1,1,1,1,0,0,0,0,1,1
democrat,0,1,1,0,0,1,1,1,0,1,0,0,0,0,1,1
democrat,1,1,1,0,0,0,1,1,1,0,0,0,0,0,1,1
democrat,0,1,1,0,1,1,1,1,1,1,1,1,0,0,1,1
democrat,1,0,1,0,0,0,1,1,1,0,1,0,0,0,1,1
democrat,0,1,1,0,0,0,0,1,1,1,1,0,0,0,1,1
democrat,0,1,1,0,0,0,1,1,1,0,0,0,0,0,1,1
democrat,0,1,1,0,0,0,1,1,1,1,1,0,0,1,1,1
democrat,0,1,1,0,0,1,0,1,0,1,1,0,0,0,1,1
democrat,1,1,1,0,0,0,1,1,1,0,1,1,1,1,1,1
democrat,1,1,1,0,1,1,1,1,1,0,0,0,0,0,1,1
democrat,0,0,1,0,0,1,0,1,1,1,0,0,0,1,0,1
democrat,0,1,1,0,0,1,1,1,1,1,0,0,0,1,1,1
democrat,0,0,1,0,0,1,1,1,1,1,0,0,0,1,0,1
democrat,1,0,1,0,0,1,1,1,1,0,0,0,0,0,1,1
democrat,1,1,0,0,0,0,1,1,1,1,1,0,0,1,1,1
democrat,0,1,0,0,0,1,1,1,1,1,0,0,0,1,0,1
democrat,0,0,1,0,0,1,1,1,1,1,0,0,0,1,1,1
democrat,0,0,0,0,0,0,1,1,1,1,0,1,1,1,1,1
democrat,0,0,1,0,0,0,1,1,1,1,0,0,1,0,1,1
democrat,1,1,1,1,1,1,0,0,1,0,1,1,1,1,0,0
democrat,0,1,1,0,0,1,0,1,1,1,1,0,1,0,1,1
democrat,0,0,1,0,0,1,1,1,1,1,1,0,1,1,0,1
democrat,0,1,1,0,0,1,0,1,1,0,1,0,1,1,1,1
democrat,0,1,1,0,1,1,1,1,1,1,1,0,0,1,0,1
democrat,0,1,0,0,1,1,0,0,0,0,0,1,1,1,1,1
democrat,0,0,0,0,1,1,1,0,0,0,0,1,1,1,0,1
democrat,0,1,1,0,1,1,1,0,0,0,1,1,1,1,0,1
democrat,1,1,0,0,1,1,0,0,0,1,1,1,1,1,0,1
democrat,0,1,1,0,0,1,1,1,1,1,1,0,1,0,1,1
democrat,0,0,1,1,1,1,0,0,1,0,0,0,1,1,1,1
democrat,1,0,1,0,0,0,1,1,1,1,1,0,0,1,0,1
democrat,1,0,1,0,0,0,1,1,1,1,0,0,0,0,1,1
democrat,0,1,1,0,0,0,1,1,1,1,0,0,1,0,1,1
democrat,0,0,0,0,1,1,0,0,0,1,1,1,1,1,0,1
democrat,1,1,1,0,0,0,1,1,1,0,0,0,0,0,1,1
democrat,0,1,1,0,0,0,1,1,1,1,0,0,0,0,1,1
democrat,0,0,1,0,0,0,1,1,1,1,1,1,0,0,1,1
democrat,1,0,1,0,0,0,1,1,1,1,1,1,0,0,1,1
democrat,1,0,1,0,0,0,1,1,1,1,0,0,0,0,1,1
democrat,1,1,1,0,0,0,1,1,1,1,1,0,0,0,1,1
democrat,0,0,1,0,0,0,1,1,1,1,1,0,0,0,1,1
democrat,1,1,1,0,0,0,1,1,1,0,0,0,0,0,1,1
democrat,1,1,1,1,1,1,1,1,1,1,1,1,1,1,1,1
democrat,0,0,1,0,0,0,1,1,1,1,1,0,0,0,1,1
democrat,1,0,1,0,0,0,1,1,1,1,0,1,0,0,1,1
democrat,0,1,1,0,0,0,1,1,1,1,1,0,0,0,1,1
democrat,1,0,1,0,0,0,1,1,1,0,0,0,0,0,1,1
democrat,1,0,1,0,0,0,1,1,1,0,0,0,0,0,1,1
democrat,0,0,0,0,0,1,1,1,1,0,1,0,0,1,1,1
democrat,0,0,1,0,0,0,1,1,1,0,0,0,0,0,1,1
democrat,0,0,1,0,0,1,1,1,1,1,1,0,0,0,1,1
democrat,0,0,1,0,0,1,1,1,1,0,1,1,0,1,1,1
democrat,0,0,1,0,0,0,1,1,1,1,1,0,1,0,1,1
democrat,1,1,0,0,0,0,1,1,1,0,1,0,0,0,1,1
democrat,0,0,1,0,0,0,1,1,1,0,0,0,0,1,1,1
democrat,1,1,1,0,0,0,1,1,1,0,0,0,0,0,1,1
democrat,1,0,1,0,0,1,1,1,1,1,1,0,0,0,1,1
democrat,1,0,1,0,0,0,1,1,1,1,0,0,0,0,1,1
democrat,0,0,1,0,0,1,1,1,1,1,0,1,0,0,0,1
democrat,0,0,1,0,0,0,1,1,1,0,0,1,0,0,1,1
democrat,1,1,1,0,0,0,1,1,1,1,1,0,0,0,0,1
democrat,0,0,1,0,0,1,1,1,1,0,0,0,0,0,1,1
democrat,0,0,1,0,0,0,1,1,1,0,1,0,0,0,1,1
democrat,0,1,1,0,0,1,0,1,1,0,1,0,1,0,1,1
democrat,0,1,1,1,1,1,0,0,0,1,1,1,1,1,1,1
democrat,1,1,1,0,1,1,0,0,1,1,0,0,0,1,1,1
democrat,1,1,1,0,0,0,1,1,1,0,1,0,0,0,1,1
democrat,0,1,1,0,0,0,0,1,1,0,1,0,0,1,1,1
democrat,0,0,1,0,0,0,1,1,1,0,0,0,0,0,1,1
democrat,0,1,1,0,1,1,0,0,0,0,1,0,0,0,1,1
democrat,1,0,1,0,0,0,1,1,1,0,1,0,0,0,1,1
democrat,0,0,1,0,0,1,1,1,1,0,1,0,0,1,1,1
democrat,1,0,1,0,0,0,1,1,1,0,0,0,0,0,1,1
democrat,0,1,1,0,0,0,1,1,0,0,1,0,0,0,1,1
democrat,0,0,1,0,0,1,1,1,1,1,0,1,0,1,1,1
democrat,0,0,1,0,0,0,1,1,1,0,0,0,0,0,1,1
democrat,1,0,1,0,0,1,1,1,0,0,0,1,1,0,0,1
democrat,1,1,1,0,0,0,1,1,1,1,0,0,0,0,1,1
democrat,1,0,1,0,0,0,1,1,1,1,1,0,0,1,1,1
democrat,0,1,1,0,0,0,1,1,1,1,0,0,1,0,1,1
democrat,1,0,1,0,0,0,0,1,1,1,0,0,0,0,1,1
democrat,1,0,1,0,0,0,1,1,1,1,1,0,0,0,1,1
democrat,0,0,1,0,1,0,1,1,1,0,0,0,0,1,1,1
democrat,1,0,1,0,0,0,1,1,1,0,1,0,0,0,1,1
democrat,1,1,1,0,0,1,1,1,1,0,0,0,0,0,1,1
democrat,1,0,1,0,0,0,1,1,1,1,0,0,0,0,0,1
democrat,1,0,1,0,0,0,1,1,1,1,0,0,0,1,1,1
democrat,0,0,1,0,0,0,1,1,1,0,1,0,0,0,1,1
democrat,1,0,1,0,0,0,1,1,1,0,0,0,0,0,0,1
democrat,1,0,1,0,0,0,1,1,1,1,0,0,0,0,0,1
democrat,1,0,1,0,0,1,1,1,1,0,1,1,0,1,1,1
democrat,1,0,1,0,0,0,1,1,1,1,0,0,1,0,1,1
democrat,1,0,1,0,0,0,1,1,1,0,0,0,0,0,1,1
democrat,1,0,1,0,0,0,1,1,1,0,0,0,0,0,1,1
democrat,1,0,1,0,0,0,1,1,1,1,0,0,0,0,0,1
democrat,1,0,1,0,0,0,1,1,1,0,0,0,0,0,1,1
democrat,1,0,1,0,0,0,1,1,1,0,0,0,0,0,0,1
democrat,1,1,1,0,0,0,1,1,1,0,0,0,0,0,1,1
democrat,0,1,1,0,0,1,1,1,1,0,1,0,0,0,0,1
democrat,1,0,1,0,0,0,1,1,1,1,0,0,0,0,1,1
democrat,0,0,1,0,1,1,0,0,0,0,1,0,1,1,0,0
democrat,0,0,1,0,0,0,1,1,1,1,0,0,0,1,0,1
democrat,0,0,1,0,0,1,1,1,1,1,1,0,0,0,1,1
democrat,0,0,1,0,0,1,1,1,1,1,1,0,0,0,1,1
democrat,0,0,1,0,0,1,1,1,1,1,1,1,0,1,1,1
democrat,1,1,1,1,0,1,1,1,1,0,1,0,1,0,1,1
democrat,1,1,1,0,1,1,0,1,0,1,1,0,1,1,1,1
democrat,1,1,1,0,1,1,0,1,0,1,1,0,1,1,0,1
democrat,1,0,1,0,1,1,1,1,1,1,0,0,1,1,0,1
democrat,1,0,1,0,0,1,1,1,1,1,0,1,0,1,0,1
democrat,1,0,1,0,0,1,1,1,0,1,1,0,1,1,1,1
democrat,1,1,1,0,0,1,1,1,1,1,1,0,1,1,1,1
democrat,0,1,1,0,0,1,1,1,0,1,1,0,1,1,0,1
democrat,1,1,1,0,0,1,1,1,1,1,0,0,1,0,1,1
democrat,0,1,0,0,0,0,1,1,1,1,1,0,0,0,1,1
democrat,0,1,1,0,0,1,1,1,1,1,0,0,1,1,1,1
democrat,0,0,1,0,0,1,1,1,1,0,0,0,0,0,1,1
democrat,1,0,1,0,0,1,1,1,1,0,0,0,0,1,0,1
democrat,1,0,0,0,0,1,1,1,1,1,0,0,0,1,1,1
democrat,0,0,1,0,0,1,1,1,1,1,0,0,1,0,0,1
democrat,1,1,1,0,0,0,1,1,1,1,0,0,0,0,1,1
democrat,0,0,0,0,0,1,0,1,1,0,1,1,1,1,1,0
democrat,1,0,0,0,0,0,1,1,1,1,0,0,0,0,1,1
democrat,0,0,1,0,0,0,1,1,1,0,0,0,0,0,1,1
democrat,1,0,1,0,0,0,1,1,1,0,0,0,0,0,1,1
democrat,0,1,1,0,0,1,0,1,1,1,0,0,1,1,0,1
democrat,1,1,1,0,0,0,1,1,1,1,0,0,1,0,0,1
democrat,1,1,1,0,1,1,0,1,0,0,1,0,1,1,0,1
democrat,1,1,1,0,1,1,0,1,1,1,0,0,1,1,0,1
democrat,0,1,0,0,1,1,0,0,1,0,0,1,1,1,0,1
democrat,1,1,0,1,0,0,1,1,1,0,1,0,0,1,0,1
democrat,1,1,1,0,0,0,1,1,1,0,1,0,0,0,0,1
democrat,1,1,1,0,0,1,1,1,1,1,0,0,0,0,1,1
democrat,1,1,1,0,0,0,1,1,1,0,0,0,0,0,1,1
democrat,1,0,1,0,0,0,1,1,1,0,1,0,0,0,1,1
democrat,0,0,1,0,0,0,1,1,1,0,0,0,0,0,1,1
democrat,0,1,1,0,0,1,1,1,1,0,1,1,0,0,1,1
democrat,0,0,1,0,0,1,1,1,0,0,1,0,0,1,1,1
democrat,1,0,1,0,0,0,1,1,1,0,0,0,0,0,1,1
democrat,1,0,1,0,0,0,1,1,1,1,0,0,0,1,1,1
democrat,0,1,1,1,0,1,1,1,1,1,1,0,1,1,1,1
democrat,0,1,1,0,1,1,1,0,0,1,1,0,1,0,1,1
democrat,0,0,1,0,0,0,1,1,1,1,1,0,0,0,1,1
democrat,1,0,1,0,0,0,1,1,1,1,0,1,0,0,1,1
democrat,0,1,0,0,0,1,1,0,1,0,1,0,0,0,1,1
democrat,0,1,0,1,0,1,1,1,1,0,1,0,1,0,1,1
democrat,0,1,1,0,0,1,1,1,1,1,0,1,0,0,1,1
democrat,1,1,1,0,0,1,1,1,1,1,1,1,1,1,0,1
democrat,1,0,1,0,0,1,1,1,1,1,0,0,1,0,0,1
democrat,1,0,1,0,1,1,1,0,1,1,0,0,1,1,0,1
democrat,1,1,1,0,0,1,1,1,1,1,1,1,1,0,0,1
democrat,0,1,0,0,1,1,0,0,0,1,1,0,1,1,0,0
democrat,1,0,1,0,0,0,1,1,0,1,1,0,0,0,0,1
democrat,1,1,1,0,1,1,1,1,0,1,1,0,0,0,1,1
democrat,0,1,1,0,0,1,1,1,0,1,0,0,0,0,1,1
democrat,1,1,1,0,1,1,1,1,0,1,1,1,0,0,1,1
democrat,1,1,1,0,1,0,1,1,1,1,0,0,0,0,1,1
democrat,0,1,1,1,1,1,0,0,0,0,1,1,1,1,0,0
democrat,0,1,1,1,1,1,0,1,0,1,1,0,1,1,1,1
democrat,0,1,0,1,1,1,0,0,0,0,1,1,0,1,0,0
democrat,1,1,1,0,0,0,1,1,1,0,1,0,0,0,1,1
democrat,1,1,1,0,0,1,1,1,1,0,1,0,1,0,1,1
democrat,1,1,1,0,1,1,1,1,1,1,1,0,1,1,0,1
democrat,1,1,0,1,1,1,0,0,0,0,1,0,1,1,0,1
democrat,1,1,1,0,1,1,0,1,1,1,1,0,0,0,0,1
democrat,1,1,1,1,1,1,0,0,0,0,1,1,1,1,0,1
democrat,1,1,0,0,1,1,0,0,0,0,1,1,1,1,1,0
democrat,0,1,1,0,1,1,0,1,0,0,1,0,0,0,0,1
democrat,1,1,1,0,1,1,0,1,1,0,1,0,0,1,0,1
democrat,0,1,1,1,1,1,0,0,0,0,0,1,1,1,0,1
democrat,1,0,1,0,0,0,1,1,1,1,1,0,0,0,1,1
democrat,1,1,0,0,1,1,1,0,0,0,1,1,0,1,0,1
democrat,1,1,0,0,0,0,0,1,1,0,1,0,0,0,1,0
democrat,1,1,1,1,1,1,0,0,0,0,1,0,1,0,0,1
democrat,1,1,1,1,0,0,0,1,0,0,1,1,0,0,1,1
democrat,1,1,1,0,1,1,0,1,0,0,1,0,1,0,1,1
democrat,1,1,0,0,1,1,0,0,0,0,1,0,1,1,0,1
democrat,0,1,1,0,1,1,0,1,0,0,0,0,0,0,0,1
democrat,1,0,1,0,1,1,0,0,1,1,0,0,1,1,0,1
democrat,0,0,0,1,1,1,0,0,0,0,1,1,1,1,0,0
democrat,1,0,1,0,0,1,1,1,1,0,0,1,1,1,1,1
democrat,1,0,1,0,0,1,1,1,1,1,1,0,0,0,0,1
democrat,1,1,1,0,0,0,1,1,1,0,0,0,0,0,0,1
democrat,0,1,1,0,0,1,1,1,1,1,0,0,0,0,0,1
democrat,1,1,1,0,0,0,1,1,1,1,1,0,1,0,0,1
democrat,1,1,1,0,0,0,1,1,0,1,0,0,0,0,0,1
democrat,1,1,1,0,0,0,1,1,1,0,0,0,0,0,0,1
democrat,0,1,1,0,1,1,1,1,0,0,1,0,1,0,1,1
democrat,0,0,1,0,0,1,1,1,1,0,1,0,0,0,1,1
democrat,0,1,1,0,0,1,1,1,1,0,1,0,0,1,1,1
democrat,0,1,1,0,0,1,1,1,1,1,1,0,1,1,1,1
democrat,0,0,1,0,0,0,1,1,0,1,1,0,0,0,1,1
democrat,1,0,1,0,0,0,1,1,1,1,0,0,0,0,1,1
democrat,1,1,1,0,0,0,1,1,1,1,0,0,1,0,1,1
democrat,1,0,1,0,1,0,1,1,1,1,0,1,0,1,1,1
democrat,0,0,1,0,0,0,1,1,1,1,0,0,0,0,0,1
